ReferenceName,UsageFrequency(%),UsageNumber
TRBJ2-7,26.9873004375332,369590
TRBJ1-2,22.6892228965985,310728
TRBJ2-1,13.2110645084031,180925
TRBJ2-3,8.88728408115102,121711
TRBJ1-6,6.92670880382272,94861
TRBJ2-5,6.08077716181719,83276
TRBJ1-3,4.56489102560358,62516
TRBJ1-5,3.73772541139222,51188
TRBJ2-2,3.50778680624113,48039
TRBJ1-4,1.94633646246502,26655
TRBJ2-6,0.743850292370332,10187
TRBJ2-4,0.502374596201814,6880
TRBJ1-1,0.214677516400194,2940
