ReferenceName,UsageFrequency(%),UsageNumber
TRBJ2-7,30.2615184082675,421375
TRBJ1-2,18.5597276732654,258434
TRBJ2-1,12.106187317991,168572
TRBJ2-3,9.1463576658324,127358
TRBJ1-6,8.35379494342685,116322
TRBJ2-2,5.262900868616,73283
TRBJ1-3,4.65232019936155,64781
TRBJ1-5,4.06120169916945,56550
TRBJ2-5,3.66118589962261,50980
TRBJ1-4,2.68190126001386,37344
TRBJ2-6,0.837878695388328,11667
TRBJ2-4,0.295379709791051,4113
TRBJ1-1,0.119645659254046,1666
